filename,width,height,class,xmin,ymin,xmax,ymax
evac1951.jpg,300,300,dead_ball,28,9,66,48
evac143.jpg,300,300,dead_ball,238,1,262,22
evac2684.jpg,300,300,dead_ball,50,80,156,185
evac2386.jpg,300,300,alive_ball,124,42,167,87
evac2386.jpg,300,300,dead_ball,150,49,205,107
evac2386.jpg,300,300,alive_ball,184,27,241,88
evac2386.jpg,300,300,dead_ball,243,25,300,93
evac2386.jpg,300,300,alive_ball,233,32,300,104
evac1201.jpg,300,300,dead_ball,55,31,105,82
evac1201.jpg,300,300,alive_ball,1,27,8,56
evac2507.jpg,300,300,dead_ball,97,26,146,79
evac2507.jpg,300,300,dead_ball,126,34,155,72
evac2507.jpg,300,300,alive_ball,238,28,297,88
evac2507.jpg,300,300,alive_ball,268,21,300,64
evac2447.jpg,300,300,alive_ball,1,30,53,102
evac2447.jpg,300,300,alive_ball,88,42,181,140
evac404.jpg,300,300,alive_ball,82,100,189,206
evac404.jpg,300,300,alive_ball,1,166,65,300
evac404.jpg,300,300,dead_ball,16,59,122,166
evac404.jpg,300,300,dead_ball,119,75,191,142
evac2427.jpg,300,300,dead_ball,1,30,7,63
evac2427.jpg,300,300,alive_ball,21,19,56,57
evac2427.jpg,300,300,alive_ball,53,23,94,67
evac2603.jpg,300,300,dead_ball,225,73,300,245
evac2742.jpg,300,300,dead_ball,74,6,96,31
evac2742.jpg,300,300,dead_ball,170,4,183,21
evac2742.jpg,300,300,alive_ball,291,6,300,25
evac2742.jpg,300,300,alive_ball,284,1,300,23
evac2774.jpg,300,300,dead_ball,279,21,299,43
evac2774.jpg,300,300,dead_ball,255,15,278,42
evac2774.jpg,300,300,alive_ball,134,33,202,104
evac2774.jpg,300,300,alive_ball,1,14,20,35
evac2774.jpg,300,300,alive_ball,1,22,6,36
evac2863.jpg,300,300,alive_ball,201,18,215,35
evac2863.jpg,300,300,alive_ball,210,14,227,34
evac483.jpg,300,300,alive_ball,205,160,300,300
evac483.jpg,300,300,alive_ball,1,19,19,57
evac2887.jpg,300,300,dead_ball,67,17,84,33
evac2887.jpg,300,300,alive_ball,79,13,95,31
evac2887.jpg,300,300,dead_ball,285,17,300,42
evac2777.jpg,300,300,alive_ball,1,53,68,180
evac2777.jpg,300,300,dead_ball,253,23,277,51
evac2777.jpg,300,300,dead_ball,226,16,257,49
evac1306.jpg,300,300,dead_ball,109,50,181,125
evac1306.jpg,300,300,dead_ball,224,2,260,38
evac2337.jpg,300,300,dead_ball,262,38,300,112
evac2337.jpg,300,300,dead_ball,155,18,219,82
evac2337.jpg,300,300,alive_ball,224,11,292,82
evac2337.jpg,300,300,alive_ball,161,56,239,136
evac2337.jpg,300,300,alive_ball,160,24,225,88
evac1453.jpg,300,300,dead_ball,64,39,118,99
evac1453.jpg,300,300,alive_ball,50,19,95,52
evac560.jpg,300,300,alive_ball,135,76,216,161
evac560.jpg,300,300,alive_ball,91,76,137,123
evac132.jpg,300,300,alive_ball,259,102,300,257
evac341.jpg,300,300,alive_ball,122,26,210,115
evac624.jpg,300,300,dead_ball,1,78,105,183
evac624.jpg,300,300,alive_ball,192,38,248,95
evac624.jpg,300,300,alive_ball,204,13,252,58
evac2847.jpg,300,300,alive_ball,208,13,221,27
evac2847.jpg,300,300,alive_ball,218,9,232,26
evac2403.jpg,300,300,dead_ball,107,19,123,36
evac2403.jpg,300,300,alive_ball,129,19,144,36
evac2403.jpg,300,300,dead_ball,131,16,151,38
evac2403.jpg,300,300,alive_ball,154,16,176,40
evac2403.jpg,300,300,alive_ball,172,15,191,37
evac910.jpg,300,300,alive_ball,113,17,163,61
evac188.jpg,300,300,alive_ball,98,3,130,36
evac188.jpg,300,300,alive_ball,77,8,100,31
evac1961.jpg,300,300,alive_ball,118,50,191,127
evac1961.jpg,300,300,alive_ball,194,5,230,45
evac1961.jpg,300,300,dead_ball,166,14,195,48
evac569.jpg,300,300,alive_ball,137,36,242,148
evac569.jpg,300,300,alive_ball,80,36,136,94
evac1784.jpg,300,300,dead_ball,73,25,121,75
evac22.jpg,300,300,alive_ball,132,19,208,100
evac22.jpg,300,300,alive_ball,1,74,67,188
evac1406.jpg,300,300,dead_ball,192,17,229,53
evac980.jpg,300,300,dead_ball,165,31,194,60
evac980.jpg,300,300,alive_ball,203,32,241,73
evac1067.jpg,300,300,alive_ball,1,17,40,68
evac1877.jpg,300,300,alive_ball,200,45,270,114
evac1877.jpg,300,300,alive_ball,176,7,221,51
evac389.jpg,300,300,dead_ball,7,195,212,300
evac389.jpg,300,300,dead_ball,41,93,189,233
evac1765.jpg,300,300,alive_ball,107,65,203,164
evac706.jpg,300,300,alive_ball,230,137,300,269
evac706.jpg,300,300,dead_ball,159,35,194,74
evac1059.jpg,300,300,alive_ball,54,16,91,43
evac1059.jpg,300,300,dead_ball,214,4,236,21
evac1059.jpg,300,300,alive_ball,237,1,268,25
evac520.jpg,300,300,alive_ball,69,31,152,116
evac589.jpg,300,300,dead_ball,169,56,297,195
evac1020.jpg,300,300,alive_ball,128,56,273,217
evac1020.jpg,300,300,dead_ball,116,31,205,117
evac1298.jpg,300,300,alive_ball,55,3,81,31
evac2336.jpg,300,300,alive_ball,166,52,247,137
evac2336.jpg,300,300,alive_ball,226,16,300,102
evac2336.jpg,300,300,dead_ball,268,8,300,79
evac393.jpg,300,300,alive_ball,1,171,131,300
evac2889.jpg,300,300,alive_ball,132,24,149,44
evac2889.jpg,300,300,dead_ball,114,18,136,43
evac2290.jpg,300,300,alive_ball,137,42,178,83
evac2290.jpg,300,300,alive_ball,158,25,201,73
evac2290.jpg,300,300,dead_ball,168,24,209,69
evac2290.jpg,300,300,dead_ball,204,42,245,84
evac2290.jpg,300,300,alive_ball,211,25,252,66
evac386.jpg,300,300,dead_ball,98,83,300,300
evac386.jpg,300,300,alive_ball,1,262,53,300
evac2997.jpg,300,300,alive_ball,76,26,114,68
evac2727.jpg,300,300,dead_ball,117,7,142,32
evac2727.jpg,300,300,dead_ball,248,7,271,31
evac2178.jpg,300,300,alive_ball,1,48,39,119
evac2178.jpg,300,300,alive_ball,1,22,63,92
evac2224.jpg,300,300,dead_ball,143,63,300,222
evac2224.jpg,300,300,alive_ball,183,138,300,300
evac2224.jpg,300,300,alive_ball,1,47,29,108
evac672.jpg,300,300,alive_ball,1,121,68,300
evac770.jpg,300,300,alive_ball,15,27,108,115
evac770.jpg,300,300,dead_ball,251,29,300,132
evac2637.jpg,300,300,dead_ball,19,14,39,36
evac1300.jpg,300,300,alive_ball,40,5,73,40
evac1082.jpg,300,300,alive_ball,103,14,151,66
evac1082.jpg,300,300,dead_ball,130,19,156,47
evac1558.jpg,300,300,alive_ball,122,1,157,38
evac1558.jpg,300,300,dead_ball,1,4,33,48
evac2056.jpg,300,300,alive_ball,264,38,300,101
evac2665.jpg,300,300,dead_ball,271,11,300,55
evac254.jpg,300,300,alive_ball,108,47,172,114
evac254.jpg,300,300,dead_ball,186,43,253,103
evac2310.jpg,300,300,alive_ball,41,68,127,156
evac2310.jpg,300,300,alive_ball,156,43,258,143
evac2310.jpg,300,300,alive_ball,273,82,300,185
evac2310.jpg,300,300,dead_ball,105,103,232,232
evac2310.jpg,300,300,dead_ball,257,43,300,131
evac1946.jpg,300,300,dead_ball,201,22,247,68
evac1946.jpg,300,300,alive_ball,246,14,297,66
evac2939.jpg,300,300,dead_ball,176,41,220,83
evac2939.jpg,300,300,alive_ball,217,30,265,80
evac668.jpg,300,300,alive_ball,139,75,300,262
evac668.jpg,300,300,alive_ball,79,221,300,299
evac668.jpg,300,300,dead_ball,17,6,60,49
evac1341.jpg,300,300,alive_ball,35,24,119,112
evac321.jpg,300,300,alive_ball,213,168,300,300
evac84.jpg,300,300,dead_ball,126,13,186,77
evac84.jpg,300,300,alive_ball,227,43,300,189
evac638.jpg,300,300,dead_ball,167,29,262,124
evac638.jpg,300,300,dead_ball,116,251,300,300
evac1213.jpg,300,300,dead_ball,237,57,300,132
evac1365.jpg,300,300,dead_ball,178,168,300,300
evac936.jpg,300,300,alive_ball,1,46,98,144
evac1753.jpg,300,300,dead_ball,122,38,174,93
evac422.jpg,300,300,alive_ball,23,12,64,55
evac568.jpg,300,300,alive_ball,139,37,245,147
evac568.jpg,300,300,alive_ball,81,36,136,92
evac2050.jpg,300,300,alive_ball,258,21,300,100
evac689.jpg,300,300,dead_ball,226,5,271,52
evac2209.jpg,300,300,alive_ball,74,56,218,209
evac2209.jpg,300,300,dead_ball,1,60,77,202
evac1516.jpg,300,300,dead_ball,1,98,247,300
evac479.jpg,300,300,alive_ball,1,92,237,300
evac479.jpg,300,300,dead_ball,255,96,300,211
evac479.jpg,300,300,dead_ball,118,54,256,182
evac2769.jpg,300,300,dead_ball,186,19,204,38
evac2769.jpg,300,300,dead_ball,171,15,192,38
evac2769.jpg,300,300,alive_ball,35,27,80,73
evac2961.jpg,300,300,dead_ball,91,76,145,131
evac2961.jpg,300,300,alive_ball,138,58,194,122
evac2322.jpg,300,300,dead_ball,38,44,88,99
evac2322.jpg,300,300,dead_ball,147,34,226,117
evac2322.jpg,300,300,alive_ball,118,32,179,98
evac2322.jpg,300,300,alive_ball,62,39,144,122
evac1804.jpg,300,300,alive_ball,1,16,35,76
evac1184.jpg,300,300,dead_ball,175,17,199,43
evac1184.jpg,300,300,alive_ball,153,12,174,34
evac13.jpg,300,300,alive_ball,1,27,74,113
evac13.jpg,300,300,dead_ball,244,24,300,105
evac13.jpg,300,300,alive_ball,193,147,300,300
evac1949.jpg,300,300,alive_ball,224,10,274,58
evac755.jpg,300,300,alive_ball,260,76,300,139
evac755.jpg,300,300,alive_ball,251,36,295,73
evac755.jpg,300,300,dead_ball,233,32,277,69
evac755.jpg,300,300,dead_ball,1,72,11,116
evac1743.jpg,300,300,alive_ball,164,27,190,54
evac1743.jpg,300,300,alive_ball,218,15,242,41
evac2858.jpg,300,300,alive_ball,210,15,225,31
evac2858.jpg,300,300,alive_ball,221,11,236,30
evac385.jpg,300,300,dead_ball,1,251,222,300
evac385.jpg,300,300,dead_ball,1,88,152,286
evac2728.jpg,300,300,dead_ball,74,6,95,27
evac2728.jpg,300,300,alive_ball,144,16,169,42
evac2728.jpg,300,300,alive_ball,151,8,181,40
evac1093.jpg,300,300,dead_ball,1,38,38,157
evac1093.jpg,300,300,alive_ball,6,28,84,112
evac1025.jpg,300,300,alive_ball,200,12,226,39
evac1162.jpg,300,300,dead_ball,1,45,85,182
evac298.jpg,300,300,dead_ball,95,88,213,207
evac298.jpg,300,300,alive_ball,1,72,90,180
evac1412.jpg,300,300,dead_ball,130,22,206,102
evac2103.jpg,300,300,dead_ball,113,26,158,69
evac344.jpg,300,300,alive_ball,162,55,300,218
evac513.jpg,300,300,alive_ball,34,15,97,83
evac513.jpg,300,300,alive_ball,27,20,60,55
evac2896.jpg,300,300,alive_ball,193,21,214,46
evac2896.jpg,300,300,dead_ball,172,17,196,44
evac210.jpg,300,300,dead_ball,105,19,173,90
evac210.jpg,300,300,alive_ball,74,22,115,66
evac114.jpg,300,300,alive_ball,138,31,231,128
evac114.jpg,300,300,alive_ball,18,37,77,95
evac114.jpg,300,300,dead_ball,57,31,103,82
evac1372.jpg,300,300,alive_ball,248,35,300,90
evac1889.jpg,300,300,dead_ball,29,72,221,266
evac1889.jpg,300,300,alive_ball,239,26,289,75
evac1889.jpg,300,300,alive_ball,1,25,86,117
evac1954.jpg,300,300,dead_ball,48,12,95,62
evac640.jpg,300,300,dead_ball,1,224,138,300
evac640.jpg,300,300,alive_ball,131,5,163,37
evac724.jpg,300,300,dead_ball,1,152,88,283
evac724.jpg,300,300,alive_ball,1,90,56,199
evac724.jpg,300,300,alive_ball,265,53,300,91
evac724.jpg,300,300,dead_ball,150,36,173,61
evac2723.jpg,300,300,alive_ball,72,53,143,123
evac2723.jpg,300,300,alive_ball,83,26,156,99
evac2663.jpg,300,300,dead_ball,191,10,226,45
evac2843.jpg,300,300,dead_ball,186,20,203,37
evac2843.jpg,300,300,dead_ball,175,17,193,36
evac2843.jpg,300,300,alive_ball,1,14,7,32
evac2843.jpg,300,300,alive_ball,56,22,90,59
evac95.jpg,300,300,dead_ball,119,47,186,117
evac2329.jpg,300,300,alive_ball,1,41,55,122
evac2329.jpg,300,300,alive_ball,12,34,69,99
evac2329.jpg,300,300,dead_ball,54,38,120,109
evac101.jpg,300,300,alive_ball,29,56,183,213
evac101.jpg,300,300,dead_ball,149,31,200,85
evac101.jpg,300,300,dead_ball,1,22,40,91
evac1348.jpg,300,300,dead_ball,138,46,169,78
evac1348.jpg,300,300,alive_ball,154,32,189,68
evac1348.jpg,300,300,dead_ball,161,13,194,44
evac1842.jpg,300,300,alive_ball,92,71,152,132
evac18.jpg,300,300,alive_ball,103,66,192,155
evac371.jpg,300,300,alive_ball,161,36,213,91
evac371.jpg,300,300,dead_ball,111,37,162,89
evac371.jpg,300,300,dead_ball,1,53,12,113
evac1531.jpg,300,300,alive_ball,155,46,300,167
evac679.jpg,300,300,alive_ball,115,39,202,115
evac2502.jpg,300,300,dead_ball,45,19,81,62
evac2502.jpg,300,300,dead_ball,81,27,107,58
evac2502.jpg,300,300,alive_ball,106,26,128,47
evac2502.jpg,300,300,alive_ball,108,28,154,80
evac2502.jpg,300,300,alive_ball,218,26,257,67
evac2074.jpg,300,300,alive_ball,114,42,175,106
evac2015.jpg,300,300,dead_ball,140,62,207,141
evac227.jpg,300,300,alive_ball,15,20,96,103
evac227.jpg,300,300,dead_ball,106,23,150,65
evac227.jpg,300,300,alive_ball,53,23,99,71
evac184.jpg,300,300,alive_ball,205,1,249,41
evac2293.jpg,300,300,alive_ball,58,50,110,102
evac2293.jpg,300,300,alive_ball,96,30,150,86
evac2293.jpg,300,300,alive_ball,165,30,214,82
evac2293.jpg,300,300,dead_ball,145,51,195,102
evac2293.jpg,300,300,dead_ball,119,27,169,82
evac639.jpg,300,300,dead_ball,54,206,300,300
evac639.jpg,300,300,dead_ball,285,51,300,122
evac639.jpg,300,300,alive_ball,13,6,47,42
evac639.jpg,300,300,dead_ball,4,1,21,13
evac339.jpg,300,300,alive_ball,91,17,159,86
evac2457.jpg,300,300,alive_ball,105,62,220,192
evac2457.jpg,300,300,alive_ball,216,43,300,113
evac111.jpg,300,300,alive_ball,28,36,87,95
evac111.jpg,300,300,alive_ball,159,27,250,122
evac111.jpg,300,300,dead_ball,66,30,115,82
evac199.jpg,300,300,alive_ball,197,12,254,69
evac199.jpg,300,300,dead_ball,248,16,281,52
evac199.jpg,300,300,dead_ball,1,11,36,65
evac1283.jpg,300,300,dead_ball,45,46,86,85
evac1283.jpg,300,300,dead_ball,210,35,241,66
evac2813.jpg,300,300,alive_ball,156,33,182,63
evac2813.jpg,300,300,alive_ball,174,24,204,60
evac633.jpg,300,300,dead_ball,1,75,58,181
evac633.jpg,300,300,alive_ball,143,36,197,92
evac633.jpg,300,300,alive_ball,154,13,199,59
evac795.jpg,300,300,alive_ball,61,56,202,163
evac795.jpg,300,300,dead_ball,99,20,188,69
evac2683.jpg,300,300,dead_ball,38,74,133,167
evac1776.jpg,300,300,alive_ball,84,93,140,151
evac1776.jpg,300,300,dead_ball,1,111,43,193
evac223.jpg,300,300,alive_ball,58,17,118,79
evac223.jpg,300,300,alive_ball,37,22,72,59
evac1564.jpg,300,300,alive_ball,1,11,34,53
evac127.jpg,300,300,alive_ball,131,25,218,120
evac127.jpg,300,300,alive_ball,14,33,73,90
evac127.jpg,300,300,dead_ball,54,25,101,76
evac2599.jpg,300,300,dead_ball,1,43,101,156
evac2599.jpg,300,300,alive_ball,266,98,300,230
evac781.jpg,300,300,alive_ball,1,31,37,135
evac2647.jpg,300,300,dead_ball,234,3,255,26
evac857.jpg,300,300,alive_ball,1,1,37,32
evac1642.jpg,300,300,alive_ball,158,48,278,176
evac1642.jpg,300,300,alive_ball,273,95,300,201
evac9.jpg,300,300,dead_ball,92,18,160,91
evac9.jpg,300,300,dead_ball,176,70,282,173
evac2657.jpg,300,300,dead_ball,93,10,120,39
evac2657.jpg,300,300,dead_ball,228,13,248,33
evac2070.jpg,300,300,alive_ball,169,29,216,79
evac2070.jpg,300,300,alive_ball,31,5,63,40
evac2244.jpg,300,300,dead_ball,172,200,300,300
evac259.jpg,300,300,alive_ball,1,162,141,300
evac259.jpg,300,300,dead_ball,1,67,37,168
evac259.jpg,300,300,alive_ball,269,31,300,86
evac1565.jpg,300,300,dead_ball,26,6,59,48
evac1565.jpg,300,300,alive_ball,198,9,238,47
evac1565.jpg,300,300,alive_ball,61,14,90,45
evac729.jpg,300,300,alive_ball,151,73,267,190
evac2523.jpg,300,300,dead_ball,14,13,31,31
evac2572.jpg,300,300,dead_ball,1,61,68,232
evac2572.jpg,300,300,alive_ball,205,35,300,142
evac899.jpg,300,300,dead_ball,166,65,264,161
evac35.jpg,300,300,dead_ball,167,32,222,89
evac35.jpg,300,300,alive_ball,107,86,300,300
evac35.jpg,300,300,dead_ball,1,18,50,95
evac2177.jpg,300,300,alive_ball,1,21,46,99
evac2998.jpg,300,300,alive_ball,16,25,57,68
evac2998.jpg,300,300,dead_ball,218,23,237,42
evac2998.jpg,300,300,alive_ball,233,18,251,39
evac1928.jpg,300,300,dead_ball,136,17,194,81
evac1928.jpg,300,300,alive_ball,175,9,218,55
evac2957.jpg,300,300,dead_ball,18,97,114,190
evac2957.jpg,300,300,alive_ball,103,67,197,168
evac12.jpg,300,300,alive_ball,1,122,101,300
evac12.jpg,300,300,dead_ball,107,23,176,92
evac1435.jpg,300,300,dead_ball,175,13,210,50
evac1981.jpg,300,300,alive_ball,45,91,155,203
evac1981.jpg,300,300,dead_ball,196,28,233,65
evac1981.jpg,300,300,alive_ball,230,16,276,61
evac1962.jpg,300,300,alive_ball,54,4,95,43
evac1962.jpg,300,300,alive_ball,1,61,29,149
evac1962.jpg,300,300,alive_ball,212,1,243,28
evac1962.jpg,300,300,dead_ball,14,3,58,47
evac645.jpg,300,300,dead_ball,200,123,300,300
evac645.jpg,300,300,dead_ball,90,25,153,70
evac65.jpg,300,300,alive_ball,1,154,262,300
evac65.jpg,300,300,dead_ball,56,28,145,120
evac644.jpg,300,300,dead_ball,145,251,300,300
evac732.jpg,300,300,dead_ball,20,44,52,76
evac357.jpg,300,300,alive_ball,202,9,246,55
evac357.jpg,300,300,dead_ball,285,8,300,43
evac1673.jpg,300,300,alive_ball,113,17,177,70
evac2780.jpg,300,300,alive_ball,259,109,300,258
evac2780.jpg,300,300,alive_ball,21,23,40,45
evac2780.jpg,300,300,alive_ball,37,17,60,44
evac2499.jpg,300,300,dead_ball,93,21,128,59
evac2499.jpg,300,300,alive_ball,115,27,161,76
evac2499.jpg,300,300,alive_ball,162,26,187,53
evac2499.jpg,300,300,alive_ball,245,25,287,72
evac350.jpg,300,300,alive_ball,210,10,255,56
evac1058.jpg,300,300,alive_ball,159,13,183,40
evac2319.jpg,300,300,dead_ball,1,57,20,111
evac2319.jpg,300,300,alive_ball,1,42,30,90
evac2319.jpg,300,300,alive_ball,33,33,87,88
evac2319.jpg,300,300,alive_ball,39,39,114,117
evac2319.jpg,300,300,dead_ball,93,35,153,101
evac577.jpg,300,300,alive_ball,178,74,242,139
evac596.jpg,300,300,dead_ball,1,116,248,300
evac255.jpg,300,300,alive_ball,1,33,102,147
evac255.jpg,300,300,alive_ball,241,47,300,125
evac1746.jpg,300,300,alive_ball,1,17,46,87
evac172.jpg,300,300,alive_ball,91,76,191,185
evac172.jpg,300,300,dead_ball,216,77,300,187
evac172.jpg,300,300,alive_ball,1,159,147,300
evac2506.jpg,300,300,dead_ball,122,26,169,77
evac2506.jpg,300,300,dead_ball,151,33,178,70
evac2506.jpg,300,300,alive_ball,252,29,300,88
evac124.jpg,300,300,alive_ball,188,43,258,114
evac124.jpg,300,300,dead_ball,14,22,95,104
evac124.jpg,300,300,dead_ball,222,34,275,88
evac82.jpg,300,300,alive_ball,53,21,133,105
evac82.jpg,300,300,dead_ball,250,13,300,74
evac2594.jpg,300,300,dead_ball,1,30,23,97
evac2594.jpg,300,300,alive_ball,29,42,143,154
evac2321.jpg,300,300,dead_ball,2,45,56,101
evac2321.jpg,300,300,dead_ball,127,35,198,110
evac2321.jpg,300,300,alive_ball,43,39,127,123
evac2321.jpg,300,300,alive_ball,83,31,148,100
evac2225.jpg,300,300,alive_ball,1,60,80,147
evac2225.jpg,300,300,alive_ball,9,160,300,300
evac2225.jpg,300,300,dead_ball,121,73,300,239
evac1496.jpg,300,300,alive_ball,55,10,114,64
evac1496.jpg,300,300,dead_ball,188,30,290,135
evac485.jpg,300,300,dead_ball,97,53,168,127
evac485.jpg,300,300,dead_ball,1,38,77,134
evac485.jpg,300,300,alive_ball,216,19,250,56
evac485.jpg,300,300,alive_ball,94,9,135,53
evac935.jpg,300,300,alive_ball,163,9,213,59
evac326.jpg,300,300,dead_ball,1,73,115,236
evac1441.jpg,300,300,alive_ball,156,18,214,82
evac204.jpg,300,300,dead_ball,43,20,83,60
evac204.jpg,300,300,alive_ball,1,19,36,91
evac1022.jpg,300,300,dead_ball,76,76,273,267
evac2608.jpg,300,300,dead_ball,134,55,281,205
evac409.jpg,300,300,alive_ball,94,91,220,220
evac409.jpg,300,300,dead_ball,223,70,300,174
evac409.jpg,300,300,dead_ball,117,36,230,138
evac2566.jpg,300,300,dead_ball,97,36,174,115
evac659.jpg,300,300,alive_ball,1,85,169,300
evac659.jpg,300,300,alive_ball,140,94,267,225
evac659.jpg,300,300,dead_ball,30,254,264,300
evac1126.jpg,300,300,dead_ball,77,94,277,298
evac1126.jpg,300,300,alive_ball,139,62,261,174
evac1126.jpg,300,300,alive_ball,271,100,300,209
evac1047.jpg,300,300,alive_ball,19,50,159,190
evac733.jpg,300,300,alive_ball,136,89,198,157
evac474.jpg,300,300,alive_ball,129,8,168,49
evac538.jpg,300,300,alive_ball,102,42,227,170
evac538.jpg,300,300,alive_ball,15,41,83,106
evac2833.jpg,300,300,dead_ball,290,3,300,22
evac2833.jpg,300,300,dead_ball,273,1,297,21
evac2833.jpg,300,300,alive_ball,64,1,78,12
evac2833.jpg,300,300,alive_ball,74,1,90,12
evac2833.jpg,300,300,alive_ball,104,4,146,51
evac2700.jpg,300,300,alive_ball,69,56,141,125
evac2700.jpg,300,300,alive_ball,91,29,162,101
evac1847.jpg,300,300,dead_ball,1,125,36,275
evac2331.jpg,300,300,alive_ball,103,1,180,62
evac2331.jpg,300,300,dead_ball,176,1,246,56
evac2331.jpg,300,300,dead_ball,69,1,125,43
evac768.jpg,300,300,dead_ball,91,10,148,70
evac768.jpg,300,300,alive_ball,1,32,15,95
evac2000.jpg,300,300,alive_ball,1,1,54,56
evac2000.jpg,300,300,alive_ball,276,69,300,155
evac2000.jpg,300,300,dead_ball,79,9,112,41
evac1499.jpg,300,300,alive_ball,99,21,169,96
evac1788.jpg,300,300,dead_ball,85,92,194,198
evac1788.jpg,300,300,alive_ball,239,59,300,143
evac973.jpg,300,300,alive_ball,27,44,127,141
evac973.jpg,300,300,dead_ball,62,12,92,42
evac134.jpg,300,300,alive_ball,171,76,300,300
evac2407.jpg,300,300,dead_ball,99,10,116,29
evac2407.jpg,300,300,alive_ball,117,9,130,27
evac2407.jpg,300,300,dead_ball,131,7,151,29
evac2407.jpg,300,300,alive_ball,169,6,188,29
evac1236.jpg,300,300,dead_ball,101,64,168,135
evac789.jpg,300,300,dead_ball,134,20,204,93
evac789.jpg,300,300,alive_ball,1,39,48,146
evac2849.jpg,300,300,alive_ball,225,12,239,27
evac2849.jpg,300,300,alive_ball,236,8,250,26
evac2899.jpg,300,300,dead_ball,55,17,73,37
evac2899.jpg,300,300,alive_ball,69,12,90,35
evac1408.jpg,300,300,dead_ball,199,8,241,54
evac330.jpg,300,300,alive_ball,1,127,86,300
evac2634.jpg,300,300,dead_ball,31,10,61,41
evac2634.jpg,300,300,alive_ball,103,11,132,42
evac2634.jpg,300,300,alive_ball,173,17,196,42
evac2634.jpg,300,300,dead_ball,225,16,245,39
evac1891.jpg,300,300,dead_ball,1,63,178,239
evac1891.jpg,300,300,alive_ball,241,25,291,76
evac1891.jpg,300,300,alive_ball,1,25,83,108
evac1012.jpg,300,300,alive_ball,72,15,124,70
evac1012.jpg,300,300,dead_ball,30,20,64,54
evac2579.jpg,300,300,alive_ball,1,72,45,168
evac2579.jpg,300,300,dead_ball,127,52,194,121
evac1350.jpg,300,300,alive_ball,88,70,119,100
evac399.jpg,300,300,alive_ball,1,159,229,300
evac399.jpg,300,300,alive_ball,116,104,214,200
evac399.jpg,300,300,dead_ball,26,70,125,170
evac399.jpg,300,300,dead_ball,115,82,183,152
evac507.jpg,300,300,dead_ball,182,66,300,198
evac2392.jpg,300,300,dead_ball,28,16,60,48
evac2392.jpg,300,300,alive_ball,159,36,200,80
evac2392.jpg,300,300,alive_ball,227,18,266,59
evac2392.jpg,300,300,dead_ball,229,37,275,84
evac2895.jpg,300,300,alive_ball,150,24,170,46
evac2895.jpg,300,300,dead_ball,130,18,154,46
evac888.jpg,300,300,alive_ball,10,10,46,42
evac888.jpg,300,300,alive_ball,282,18,300,78
evac1151.jpg,300,300,alive_ball,86,37,143,95
evac994.jpg,300,300,alive_ball,31,15,70,42
evac994.jpg,300,300,alive_ball,219,4,257,29
evac2991.jpg,300,300,alive_ball,1,50,43,123
evac2838.jpg,300,300,dead_ball,244,22,264,41
evac2838.jpg,300,300,dead_ball,231,18,253,41
evac2838.jpg,300,300,alive_ball,38,17,52,31
evac2838.jpg,300,300,alive_ball,48,14,64,30
evac2838.jpg,300,300,alive_ball,87,24,125,63
evac941.jpg,300,300,dead_ball,127,12,174,63
evac180.jpg,300,300,alive_ball,144,4,180,43
evac1606.jpg,300,300,alive_ball,39,66,229,266
evac1606.jpg,300,300,alive_ball,198,189,300,300
evac2428.jpg,300,300,alive_ball,1,29,28,85
evac2156.jpg,300,300,alive_ball,99,18,165,93
evac527.jpg,300,300,dead_ball,233,60,300,197
evac2259.jpg,300,300,dead_ball,105,44,161,101
evac2259.jpg,300,300,alive_ball,1,73,38,186
evac2259.jpg,300,300,alive_ball,92,31,144,82
evac1347.jpg,300,300,dead_ball,15,50,47,84
evac1347.jpg,300,300,alive_ball,36,36,73,73
evac1347.jpg,300,300,dead_ball,57,15,86,46
evac1545.jpg,300,300,dead_ball,38,24,79,68
evac1545.jpg,300,300,alive_ball,241,28,294,83
evac2313.jpg,300,300,alive_ball,29,53,90,114
evac2313.jpg,300,300,alive_ball,110,36,176,103
evac2313.jpg,300,300,alive_ball,180,43,268,130
evac2313.jpg,300,300,dead_ball,81,67,154,141
evac2313.jpg,300,300,dead_ball,172,33,237,90
evac1021.jpg,300,300,dead_ball,66,43,189,167
evac2214.jpg,300,300,dead_ball,175,36,276,148
evac2214.jpg,300,300,dead_ball,1,248,181,300
evac1818.jpg,300,300,alive_ball,177,5,210,39
evac1818.jpg,300,300,alive_ball,201,11,228,37
evac2379.jpg,300,300,dead_ball,1,55,23,107
evac2379.jpg,300,300,alive_ball,1,45,36,89
evac2379.jpg,300,300,alive_ball,42,37,92,93
evac2379.jpg,300,300,alive_ball,37,46,104,115
evac2379.jpg,300,300,dead_ball,93,39,148,102
evac783.jpg,300,300,alive_ball,46,48,110,105
evac783.jpg,300,300,alive_ball,56,18,108,54
evac783.jpg,300,300,dead_ball,111,10,160,40
evac1227.jpg,300,300,alive_ball,107,43,173,109
evac592.jpg,300,300,dead_ball,1,112,189,300
evac2954.jpg,300,300,alive_ball,1,68,33,174
evac2100.jpg,300,300,dead_ball,165,25,203,63
evac2912.jpg,300,300,dead_ball,246,28,300,84
evac1978.jpg,300,300,alive_ball,191,62,283,154
evac1206.jpg,300,300,dead_ball,232,29,282,80
evac1206.jpg,300,300,alive_ball,122,19,160,52
evac1988.jpg,300,300,dead_ball,17,8,63,49
evac802.jpg,300,300,dead_ball,32,54,115,137
evac2535.jpg,300,300,alive_ball,12,6,43,37
evac2535.jpg,300,300,alive_ball,79,9,101,33
evac2535.jpg,300,300,dead_ball,116,7,135,28
evac2916.jpg,300,300,dead_ball,191,35,257,105
evac2916.jpg,300,300,alive_ball,249,55,300,116
evac1657.jpg,300,300,alive_ball,74,12,123,66
evac1657.jpg,300,300,alive_ball,1,18,35,78
evac1567.jpg,300,300,dead_ball,190,23,228,63
evac1567.jpg,300,300,alive_ball,187,5,217,36
evac2740.jpg,300,300,dead_ball,59,5,81,30
evac2740.jpg,300,300,dead_ball,157,8,171,24
evac2740.jpg,300,300,alive_ball,271,13,294,34
evac2740.jpg,300,300,alive_ball,266,6,292,32
evac835.jpg,300,300,dead_ball,90,57,155,126
evac1998.jpg,300,300,alive_ball,86,16,145,77
evac1998.jpg,300,300,alive_ball,254,36,300,133
evac1998.jpg,300,300,dead_ball,6,19,45,56
evac1861.jpg,300,300,dead_ball,67,49,146,133
evac2157.jpg,300,300,alive_ball,125,31,234,146
evac2759.jpg,300,300,alive_ball,128,17,152,43
evac2759.jpg,300,300,alive_ball,120,9,146,39
evac194.jpg,300,300,dead_ball,20,14,76,70
evac194.jpg,300,300,alive_ball,219,16,248,49
evac194.jpg,300,300,alive_ball,242,11,295,65
evac934.jpg,300,300,alive_ball,169,11,215,60
evac427.jpg,300,300,alive_ball,62,27,133,101
evac1269.jpg,300,300,alive_ball,172,33,244,82
evac1207.jpg,300,300,dead_ball,14,33,71,88
evac1207.jpg,300,300,alive_ball,1,15,37,99
evac674.jpg,300,300,dead_ball,225,171,300,300
evac2600.jpg,300,300,dead_ball,1,58,48,184
evac2600.jpg,300,300,alive_ball,242,73,300,229
evac2125.jpg,300,300,alive_ball,34,41,112,114
evac2467.jpg,300,300,alive_ball,97,33,130,68
evac2467.jpg,300,300,dead_ball,107,41,148,84
evac2467.jpg,300,300,alive_ball,162,42,250,130
evac2467.jpg,300,300,alive_ball,284,32,300,78
evac2883.jpg,300,300,alive_ball,209,15,225,31
evac2883.jpg,300,300,dead_ball,197,10,215,31
evac2883.jpg,300,300,dead_ball,12,12,26,27
evac2883.jpg,300,300,alive_ball,22,9,38,26
evac2966.jpg,300,300,dead_ball,155,40,188,74
evac2966.jpg,300,300,alive_ball,184,30,217,68
evac546.jpg,300,300,alive_ball,1,29,49,119
evac2924.jpg,300,300,alive_ball,88,105,209,227
evac2924.jpg,300,300,dead_ball,1,62,111,188
evac1787.jpg,300,300,alive_ball,143,79,195,133
evac1787.jpg,300,300,dead_ball,31,97,101,165
evac2659.jpg,300,300,dead_ball,1,10,32,43
evac2659.jpg,300,300,dead_ball,147,12,170,34
evac2395.jpg,300,300,alive_ball,9,36,57,80
evac2395.jpg,300,300,dead_ball,76,39,122,86
evac2395.jpg,300,300,alive_ball,132,17,168,58
evac2632.jpg,300,300,dead_ball,92,19,114,44
evac2632.jpg,300,300,alive_ball,31,20,59,48
evac710.jpg,300,300,dead_ball,74,66,161,159
evac710.jpg,300,300,alive_ball,198,34,300,145
evac481.jpg,300,300,alive_ball,207,153,300,300
evac2451.jpg,300,300,dead_ball,1,46,40,100
evac2451.jpg,300,300,dead_ball,62,39,139,117
evac2451.jpg,300,300,alive_ball,159,60,288,185
evac2451.jpg,300,300,alive_ball,208,36,278,106
evac875.jpg,300,300,alive_ball,160,18,234,86
evac959.jpg,300,300,alive_ball,8,37,52,80
evac959.jpg,300,300,alive_ball,194,9,225,41
evac2073.jpg,300,300,alive_ball,162,26,209,76
evac2073.jpg,300,300,alive_ball,22,2,56,37
evac2433.jpg,300,300,dead_ball,1,40,26,113
evac2433.jpg,300,300,alive_ball,72,28,129,88
evac2433.jpg,300,300,alive_ball,111,41,191,136
evac107.jpg,300,300,alive_ball,172,38,295,161
evac107.jpg,300,300,alive_ball,44,36,102,93
evac107.jpg,300,300,dead_ball,83,30,133,82
evac600.jpg,300,300,alive_ball,102,53,180,132
evac600.jpg,300,300,alive_ball,284,108,300,196
evac2113.jpg,300,300,dead_ball,1,74,42,204
evac120.jpg,300,300,alive_ball,137,34,193,93
evac120.jpg,300,300,alive_ball,270,33,300,114
evac120.jpg,300,300,dead_ball,170,28,215,79
evac120.jpg,300,300,dead_ball,1,17,60,86
evac1495.jpg,300,300,dead_ball,82,110,203,239
evac1495.jpg,300,300,dead_ball,220,57,300,173
evac1495.jpg,300,300,alive_ball,112,38,159,90
evac2765.jpg,300,300,dead_ball,286,20,300,37
evac2765.jpg,300,300,dead_ball,271,15,290,36
evac2765.jpg,300,300,alive_ball,132,22,167,60
evac2765.jpg,300,300,alive_ball,80,17,92,29
evac2765.jpg,300,300,alive_ball,89,13,103,28
evac904.jpg,300,300,alive_ball,26,14,77,66
evac722.jpg,300,300,dead_ball,1,146,111,300
evac722.jpg,300,300,alive_ball,68,22,104,60
evac2543.jpg,300,300,dead_ball,214,8,251,49
evac1793.jpg,300,300,alive_ball,75,89,123,140
evac1070.jpg,300,300,alive_ball,154,39,207,94
evac1251.jpg,300,300,alive_ball,143,5,181,47
evac1251.jpg,300,300,alive_ball,1,9,9,40
evac2483.jpg,300,300,dead_ball,79,14,100,37
evac2483.jpg,300,300,alive_ball,106,16,129,41
evac2483.jpg,300,300,dead_ball,97,18,112,37
evac2483.jpg,300,300,alive_ball,120,17,134,34
evac2483.jpg,300,300,alive_ball,163,15,186,39
evac2147.jpg,300,300,dead_ball,88,200,300,300
evac2147.jpg,300,300,alive_ball,1,52,36,100
evac533.jpg,300,300,alive_ball,1,34,57,137
evac927.jpg,300,300,alive_ball,134,38,193,99
evac1411.jpg,300,300,dead_ball,106,22,172,92
evac110.jpg,300,300,alive_ball,155,32,260,142
evac110.jpg,300,300,alive_ball,29,34,88,92
evac110.jpg,300,300,dead_ball,67,28,114,80
evac2609.jpg,300,300,dead_ball,1,96,51,270
evac2609.jpg,300,300,alive_ball,193,37,300,151
evac2481.jpg,300,300,alive_ball,121,18,143,42
evac2481.jpg,300,300,dead_ball,138,18,161,44
evac2481.jpg,300,300,dead_ball,157,20,171,37
evac2481.jpg,300,300,alive_ball,175,19,189,36
evac2481.jpg,300,300,alive_ball,207,17,230,42
evac1367.jpg,300,300,dead_ball,66,8,106,51
evac2086.jpg,300,300,alive_ball,117,12,167,64
evac2086.jpg,300,300,alive_ball,205,1,225,21
evac2086.jpg,300,300,dead_ball,75,4,96,26
evac2350.jpg,300,300,alive_ball,209,52,300,166
evac181.jpg,300,300,alive_ball,164,5,206,50
evac1148.jpg,300,300,alive_ball,288,21,300,55
evac1836.jpg,300,300,alive_ball,1,44,97,159
evac2855.jpg,300,300,alive_ball,86,16,99,32
evac2855.jpg,300,300,alive_ball,94,13,110,31
evac2855.jpg,300,300,alive_ball,188,23,228,65
evac2018.jpg,300,300,alive_ball,103,18,162,81
evac2460.jpg,300,300,alive_ball,71,26,116,74
evac2460.jpg,300,300,dead_ball,171,34,196,66
evac2460.jpg,300,300,alive_ball,198,31,228,60
evac168.jpg,300,300,alive_ball,71,33,177,146
evac168.jpg,300,300,alive_ball,88,31,129,68
evac168.jpg,300,300,dead_ball,145,27,194,77
evac2533.jpg,300,300,alive_ball,32,10,53,32
evac2533.jpg,300,300,dead_ball,67,10,85,29
evac2459.jpg,300,300,dead_ball,72,20,104,53
evac2553.jpg,300,300,dead_ball,1,25,10,62
evac2553.jpg,300,300,alive_ball,78,14,123,60
evac2553.jpg,300,300,alive_ball,172,20,205,53
evac2553.jpg,300,300,dead_ball,225,18,253,47
evac1183.jpg,300,300,dead_ball,1,47,22,125
evac1566.jpg,300,300,dead_ball,159,10,199,53
evac1566.jpg,300,300,alive_ball,199,21,231,54
evac1566.jpg,300,300,alive_ball,74,4,104,35
evac1566.jpg,300,300,dead_ball,19,21,54,53
evac2994.jpg,300,300,alive_ball,113,36,169,90
evac1399.jpg,300,300,alive_ball,52,3,90,40
evac2367.jpg,300,300,alive_ball,13,44,52,84
evac2367.jpg,300,300,alive_ball,63,34,106,81
evac2367.jpg,300,300,alive_ball,108,39,155,86
evac2367.jpg,300,300,dead_ball,106,35,141,77
evac2367.jpg,300,300,dead_ball,53,50,94,94
evac1578.jpg,300,300,alive_ball,157,20,235,105
evac874.jpg,300,300,alive_ball,191,8,231,51
evac1779.jpg,300,300,alive_ball,236,73,300,144
evac2987.jpg,300,300,alive_ball,55,43,150,139
evac1174.jpg,300,300,dead_ball,1,32,62,121
evac1174.jpg,300,300,alive_ball,285,25,300,74
evac1849.jpg,300,300,dead_ball,194,23,261,93
evac1033.jpg,300,300,alive_ball,44,8,83,51
evac1033.jpg,300,300,dead_ball,27,12,50,41
evac23.jpg,300,300,alive_ball,60,21,142,107
evac23.jpg,300,300,dead_ball,236,9,300,72
evac2077.jpg,300,300,alive_ball,190,16,261,89
evac2077.jpg,300,300,alive_ball,240,110,300,255
evac2216.jpg,300,300,alive_ball,183,64,300,241
evac2442.jpg,300,300,alive_ball,123,36,154,70
evac2442.jpg,300,300,dead_ball,131,41,168,81
evac2442.jpg,300,300,alive_ball,196,24,226,57
evac2442.jpg,300,300,dead_ball,186,28,230,72
evac2442.jpg,300,300,alive_ball,270,24,300,68
evac819.jpg,300,300,alive_ball,76,54,201,179
evac1261.jpg,300,300,dead_ball,209,23,255,70
evac219.jpg,300,300,dead_ball,1,14,73,87
evac219.jpg,300,300,alive_ball,281,15,300,74
evac219.jpg,300,300,dead_ball,275,12,300,46
evac219.jpg,300,300,alive_ball,239,13,278,54
evac11.jpg,300,300,dead_ball,74,20,143,92
evac11.jpg,300,300,dead_ball,238,57,299,142
evac2577.jpg,300,300,alive_ball,70,58,149,138
evac2577.jpg,300,300,dead_ball,185,40,245,99
evac408.jpg,300,300,alive_ball,140,87,268,214
evac408.jpg,300,300,alive_ball,1,109,26,239
evac408.jpg,300,300,dead_ball,141,34,254,140
evac408.jpg,300,300,dead_ball,250,65,300,162
evac1223.jpg,300,300,alive_ball,8,4,41,39
evac2989.jpg,300,300,alive_ball,121,53,223,155
evac2180.jpg,300,300,dead_ball,277,95,300,199
evac2249.jpg,300,300,dead_ball,235,131,300,194
evac2249.jpg,300,300,alive_ball,1,123,84,246
evac2249.jpg,300,300,alive_ball,246,105,300,169
evac1354.jpg,300,300,dead_ball,110,24,149,62
evac1354.jpg,300,300,alive_ball,132,8,175,49
evac1354.jpg,300,300,dead_ball,167,2,196,29
evac2779.jpg,300,300,alive_ball,46,22,65,44
evac2779.jpg,300,300,alive_ball,61,16,82,42
evac2779.jpg,300,300,alive_ball,134,81,300,265
evac2686.jpg,300,300,dead_ball,22,110,171,262
evac2976.jpg,300,300,dead_ball,132,29,155,54
evac2976.jpg,300,300,alive_ball,151,23,175,51
evac44.jpg,300,300,alive_ball,1,157,300,300
evac44.jpg,300,300,dead_ball,258,45,300,143
evac44.jpg,300,300,alive_ball,1,58,24,136
evac2476.jpg,300,300,alive_ball,84,26,125,70
evac2476.jpg,300,300,dead_ball,142,29,167,56
evac2476.jpg,300,300,alive_ball,170,27,192,51
evac2476.jpg,300,300,alive_ball,226,25,268,67
evac1695.jpg,300,300,dead_ball,104,2,147,47
evac1834.jpg,300,300,alive_ball,90,24,165,106
evac1232.jpg,300,300,dead_ball,83,26,145,90
evac2597.jpg,300,300,alive_ball,13,71,188,251
evac1071.jpg,300,300,dead_ball,144,24,176,55
evac1071.jpg,300,300,alive_ball,181,21,235,74
evac625.jpg,300,300,dead_ball,1,64,82,152
evac625.jpg,300,300,alive_ball,135,33,184,82
evac625.jpg,300,300,alive_ball,138,9,181,48
evac2455.jpg,300,300,dead_ball,1,55,35,119
evac2455.jpg,300,300,alive_ball,50,47,100,97
evac2455.jpg,300,300,alive_ball,97,41,172,122
evac2455.jpg,300,300,alive_ball,210,33,267,97
evac2455.jpg,300,300,alive_ball,272,60,300,155
evac2621.jpg,300,300,alive_ball,44,31,87,75
evac2621.jpg,300,300,dead_ball,142,32,180,73
evac1715.jpg,300,300,alive_ball,144,21,220,106
evac1161.jpg,300,300,dead_ball,91,36,193,145
evac1161.jpg,300,300,alive_ball,1,30,91,133
evac1161.jpg,300,300,alive_ball,65,23,138,99
evac912.jpg,300,300,alive_ball,246,14,275,43
evac2793.jpg,300,300,dead_ball,99,49,145,98
evac2793.jpg,300,300,dead_ball,33,33,101,101
evac1355.jpg,300,300,dead_ball,233,20,272,59
evac1355.jpg,300,300,alive_ball,265,7,300,57
evac570.jpg,300,300,alive_ball,138,35,244,147
evac570.jpg,300,300,alive_ball,80,36,136,93
evac490.jpg,300,300,alive_ball,91,16,150,80
evac490.jpg,300,300,alive_ball,76,20,107,57
evac1446.jpg,300,300,dead_ball,224,31,300,84
evac2848.jpg,300,300,alive_ball,236,13,250,27
evac2848.jpg,300,300,alive_ball,246,10,260,27
evac797.jpg,300,300,alive_ball,132,37,184,91
evac2374.jpg,300,300,alive_ball,11,38,41,68
evac2374.jpg,300,300,dead_ball,18,43,56,81
evac2374.jpg,300,300,alive_ball,54,31,94,72
evac2374.jpg,300,300,alive_ball,75,34,118,80
evac2374.jpg,300,300,dead_ball,92,32,131,74
evac946.jpg,300,300,alive_ball,177,14,231,71
evac191.jpg,300,300,alive_ball,137,8,177,53
evac191.jpg,300,300,alive_ball,112,12,140,43
evac2258.jpg,300,300,dead_ball,50,41,111,102
evac2258.jpg,300,300,alive_ball,32,31,80,82
evac1342.jpg,300,300,alive_ball,167,34,270,139
evac647.jpg,300,300,alive_ball,49,55,128,137
evac2772.jpg,300,300,alive_ball,68,19,83,35
evac2772.jpg,300,300,alive_ball,79,14,96,32
evac2772.jpg,300,300,alive_ball,143,29,197,89
evac2758.jpg,300,300,dead_ball,59,17,76,36
evac2758.jpg,300,300,alive_ball,188,23,207,44
evac2758.jpg,300,300,alive_ball,180,16,206,42
evac2490.jpg,300,300,dead_ball,75,14,103,46
evac2490.jpg,300,300,dead_ball,98,20,118,44
evac2490.jpg,300,300,alive_ball,112,19,129,39
evac2490.jpg,300,300,alive_ball,135,17,167,53
evac2490.jpg,300,300,alive_ball,199,15,225,45
evac475.jpg,300,300,alive_ball,167,12,211,54
evac2435.jpg,300,300,dead_ball,66,76,158,167
evac2435.jpg,300,300,alive_ball,117,54,179,118
evac2435.jpg,300,300,dead_ball,235,44,300,151
evac2254.jpg,300,300,dead_ball,22,53,98,129
evac2254.jpg,300,300,alive_ball,18,40,74,97
evac397.jpg,300,300,alive_ball,1,198,250,300
evac397.jpg,300,300,alive_ball,201,124,300,248
evac397.jpg,300,300,dead_ball,122,75,228,190
evac397.jpg,300,300,dead_ball,221,92,300,180
evac2053.jpg,300,300,alive_ball,258,21,300,98
evac119.jpg,300,300,alive_ball,112,33,167,90
evac119.jpg,300,300,alive_ball,241,25,300,122
evac119.jpg,300,300,dead_ball,1,18,35,87
evac119.jpg,300,300,dead_ball,143,28,187,77
evac2876.jpg,300,300,dead_ball,176,20,198,44
evac2876.jpg,300,300,dead_ball,161,16,183,42
evac526.jpg,300,300,dead_ball,66,81,162,179
evac526.jpg,300,300,dead_ball,1,36,88,141
evac2640.jpg,300,300,alive_ball,30,9,58,36
evac2640.jpg,300,300,alive_ball,92,12,112,34
evac2640.jpg,300,300,dead_ball,130,12,147,31
evac2836.jpg,300,300,dead_ball,133,20,151,39
evac2836.jpg,300,300,dead_ball,121,16,141,38
evac2836.jpg,300,300,alive_ball,1,33,6,60
evac1536.jpg,300,300,alive_ball,149,11,198,64
evac2982.jpg,300,300,alive_ball,25,30,85,91
evac1158.jpg,300,300,dead_ball,218,31,300,126
evac1158.jpg,300,300,alive_ball,168,24,245,104
evac1158.jpg,300,300,alive_ball,237,24,300,71
evac2869.jpg,300,300,dead_ball,234,19,256,41
evac2869.jpg,300,300,dead_ball,215,15,238,40
evac2869.jpg,300,300,dead_ball,97,28,151,86
evac2784.jpg,300,300,dead_ball,105,28,133,57
evac2784.jpg,300,300,dead_ball,73,20,107,57
evac253.jpg,300,300,dead_ball,127,42,191,108
evac253.jpg,300,300,alive_ball,46,45,116,116
evac253.jpg,300,300,alive_ball,1,104,29,240
evac937.jpg,300,300,alive_ball,54,36,107,93
evac937.jpg,300,300,alive_ball,268,7,300,46
